INSERT INTO aviao (modelo, capacidade)
VALUES ('Cessna 150', 2),
('Cessna 150', 2),
('Cessna 150', 2),
('Cessna 150', 2),
('Cessna 150', 2),
('Airbus A350 XWB', 270),
('Airbus A350 XWB', 270),
('Airbus A320', 220),
('Airbus A320', 220),
('Airbus A320', 220),
('Airbus A320', 220),
('Airbus A330', 335),
('Airbus A330', 335),
('Airbus A330', 335),
('Boeing 787', 420),
('Boeing 787', 420),
('Boeing 787', 420),
('Boeing 737', 215),
('Boeing 747', 660),
('Boeing 747', 660);


INSERT INTO companhia(nome, paisOrigem, cnpj)
VALUES ('Gol Linhas Aéreas Inteligentes', 'Brasil', '08.775.072/0001-12'),
('Azul Linhas Aéreas Brasileiras', 'Brasil', '24.313.075/0001-90'),
('LATAM Airlines Brasil', 'Brasil', '13.941.318/0001-19'),
('Aerochaco', 'Argentina', '89.915.154/0001-17'),
('LATAM Airlines Chile', 'Chile', '95.284.586/0001-70'),
('BQB Lineas Aereas', 'Uruguai', '67.577.082/0001-02'),
('LATAM Airlines Equador', 'Equador', '71.607.671/0001-63'),
('LATAM Airlines Perú', 'Perú', '37.594.995/0001-76'),
('Boliviana de Aviación', 'Bolívia', '81.190.654/0001-27'),
('Aeropostal', 'Venezuela', '01.021.798/0001-10'),
('AeroRepública', 'Colombia', '13.726.708/0001-76'),
('Latam Airlines Paraguai', 'Paraguai', '50.015.582/0001-58'),
('Surinam Airways', 'Suriname', '38.406.471/0001-77'),
('Avianca', 'Colombia', '28.450.501/0001-99'),
('Amaszonas', 'Bolívia', '25.557.419/0001-70'),
('ITA Transportes Aéreos', 'Brasil', '13.786.215/0001-21'),
('Voepass Linhas Aéreas', 'Brasil', '09.176.845/0001-07'),
('Peruvian Airlines', 'Perú', '48.847.056/0001-02'),
('PAL Airlines', 'Chile', '70.002.626/0001-12'),
('AeroGal', 'Equador', '82.712.541/0001-07');


INSERT INTO funcionario (nome, cpf, rg, email, telefone, datanascimento, salario)
VALUES ('Liz Mariah Aparício', '229.676.803-20', '43.047.597-4', 'lizmariahaparicio..lizmariahaparicio@cssmi.com.br', '(96) 98710-8196', '1991-09-15', 15000),
('Sara Silvana Martins', '730.721.788-01', '48.740.388-5', 'sarasilvanamartins-97@cppcoder.com', '(68) 99309-2129', '1942-01-13', 2500),
('Lavínia Elza Castro', '314.417.646-07', '41.465.945-4', 'laviniaelzacastro__laviniaelzacastro@dizain.com.br', '(63) 99223-5427', '1977-12-14', 2500),
('Simone Nair Pietra da Conceição', '486.622.150-09', '42.205.999-7', 'simonenairpietradaconceicao..simonenairpietradaconceicao@yahoo.com.br', '(63) 98917-9802', '2000-01-02', 15000),
('Vitória Sônia Ferreira', '056.755.878-96', '27.230.178-4', 'vitoriasoniaferreira-86@umbernardo.com.br', '(61) 98410-1607', '1975-02-08', 5000),
('Alícia Bianca Santos', '109.310.917-30', '23.939.002-7', 'aliciabiancasantos..aliciabiancasantos@jarretta.com', '(77) 99454-8798', '1975-02-21', 5000),
('Tânia Sophia Elaine Lima', '544.092.791-30', '10.068.043-4', 'taniasophiaelainelima_@vianetfone.com.br', '(71) 99115-0088', '1999-04-06', 15000),
('Betina Daniela Santos', '262.773.564-02', '47.009.023-6', 'betinadanielasantos-73@candello.abv.br', '(62) 99773-9686', '1954-09-10', 5000),
('Rodrigo Yago Gomes', '077.717.303-45', '29.445.378-7', 'rodrigoyagogomes_@associate.com.br', '(81) 99817-6957', '1972-05-18', 5000),
('Mário Severino Davi Nunes', '922.099.047-49', '36.387.503-7', 'marioseverinodavinunes..marioseverinodavinunes@estagiarios.com', '(65) 98981-6690', '1959-02-18', 2500),
('Renato Geraldo Bernardes', '159.965.666-30', '41.472.928-6', 'renatogeraldobernardes_@truran.com.br', '(75) 98508-6370', '1995-04-08', 15000),
('Simone Evelyn Giovana da Rosa', '550.537.918-48', '21.995.356-9', 'simoneevelyngiovanadarosa..simoneevelyngiovanadarosa@indaiamidias.com.br', '(82) 98410-5657', '1995-09-23', 5000),
('Nina Pietra Baptista', '462.577.125-05', '34.009.391-2', 'nninapietrabaptista@uzgames.com', '(65) 99257-7413', '1947-09-21', 2500),
('Sophie Fátima Brito', '935.403.817-40', '10.624.130-8', 'sophiefatimabrito__sophiefatimabrito@edbrasil.net', '(19) 99532-9712', '1961-12-01', 5000),
('Stella Rebeca Bárbara Farias', '177.407.110-04', '27.718.363-7', 'stellarebecabarbarafarias__stellarebecabarbarafarias@plenamenterh.com.br', '(31) 98771-9390', '1991-09-04', 2500),
('Cecília Valentina Isabela Aparício', '745.838.845-59', '29.105.164-9', 'ceciliavalentinaisabelaaparicio-92@ortovip.com.br', '(73) 99102-6890', '1995-03-02', 5000),
('Beatriz Sandra Farias', '571.749.652-45', '27.013.502-9', 'beatrizsandrafarias-72@soutorigotti.com.br', '(21) 99156-3531', '1999-11-20', 5000),
('Ian Samuel Roberto Caldeira', '166.629.260-51', '43.609.956-1', 'iansamuelrobertocaldeira..iansamuelrobertocaldeira@sadefem.com.br', '(84) 98745-5175', '1954-10-15', 2500),
('Caio Kauê Caleb Corte Real', '937.488.244-24', '13.669.717-3', 'caiokauecalebcortereal-78@selaz.com.br', '(65) 98238-8974', '1966-11-12', 2500),
('Sebastião Anthony Pinto', '389.667.632-60', '44.984.041-4', 'ssebastiaoanthonypinto@academiagolf.com.br', '(69) 99873-2978', '1978-07-07', 5000),
('Maitê Isabelly Porto', '200.943.911-22', '26.965.044-1', 'maiteisabellyporto__maiteisabellyporto@trimempresas.com.br', '(96) 98115-1482', '1993-12-23', 5000),
('Guilherme Noah Bruno Martins', '663.288.003-71', '45.704.204-7', 'guilhermenoahbrunomartins-76@ieee.org', '(82) 99477-1227', '1947-01-02', 15000),
('Bárbara Sônia Gomes', '947.618.836-77', '22.242.016-9', 'barbarasoniagomes__barbarasoniagomes@zf-lenksysteme.com', '(75) 98248-2927', '2000-12-01', 5000),
('Valentina Emilly Melo', '772.264.192-03', '26.119.423-9', 'valentinaemillymelo_@gmaill.com', '(27) 99749-5870', '1948-06-06', 15000),
('Benedito Murilo da Mata', '685.071.842-86', '43.917.041-2', 'bbeneditomurilodamata@ocaconsultoria.com', '(48) 98774-8157', '1995-08-25', 2500),
('Kaique Julio da Cruz', '652.301.558-09', '35.648.359-9', 'kaiquejuliodacruz..kaiquejuliodacruz@dvdja.com.br', '(81) 99261-8001', '1962-11-06', 5000),
('Letícia Isabelly Ramos', '712.421.432-70', '46.107.741-3', 'leticiaisabellyramos_@sigtechbr.com', '(68) 99264-6717', '1964-07-24', 2500),
('César Samuel Dias', '394.752.922-84', '30.293.511-3', 'cesarsamueldias-92@dominiozeladoria.com.br', '(27) 99140-1648', '1996-10-27', 5000),
('Jennifer Manuela Gomes', '411.812.560-97', '46.473.777-1', 'jennifermanuelagomes_@accent.com.br', '(67) 99859-4926', '1966-02-01', 2500),
('Paulo Raimundo Heitor da Rosa', '120.715.642-60', '45.892.915-3', 'pauloraimundoheitordarosa__pauloraimundoheitordarosa@hotamail.com', '(71) 98360-4179', '1958-08-17', 5000),
('Carlos Eduardo Hugo Rodrigues', '790.467.680-07', '35.647.067-2', 'carloseduardohugorodrigues..carloseduardohugorodrigues@emerson.com', '(62) 98103-1006', '1995-09-12', 2000),
('Otávio Roberto Caldeira', '139.161.277-99', '23.693.609-8', 'ootaviorobertocaldeira@alkbrasil.com.br', '(61) 99819-0003', '1993-12-17', 2000),
('Luiz Kauê Cauê Rodrigues', '834.924.938-23', '48.622.955-5', 'luizkauecauerodrigues..luizkauecauerodrigues@genesyslab.com', '(11) 98546-9347', '1976-04-05', 15000),
('Thomas Edson Lopes', '109.678.915-90', '42.483.586-1', 'thomasedsonlopes..thomasedsonlopes@fibria.com.br', '(21) 98253-0948', '1953-04-26', 5000),
('Cristiane Luciana Letícia Drumond', '637.267.105-07', '33.696.437-7', 'cristianelucianaleticiadrumond..cristianelucianaleticiadrumond@agltda.com.br', '(68) 98219-1842', '1943-12-03', 15000),
('Marli Raquel Ester Araújo', '680.882.624-29', '16.728.143-4', 'mmarliraquelesteraraujo@tcotecnologia.com.br', '(16) 98269-0569', '1946-02-10', 5000),
('Eduarda Sophia da Rocha', '634.335.894-37', '26.351.203-4', 'eduardasophiadarocha__eduardasophiadarocha@tam.com.br', '(44) 98370-0871', '1954-02-26', 5000),
('Malu Carla Benedita Lima', '167.877.659-91', '44.967.408-3', 'malucarlabeneditalima..malucarlabeneditalima@sinalmanaus.com.br', '(27) 98619-8811', '1988-02-17', 2000),
('Manuela Amanda Porto', '171.279.081-17', '28.082.056-2', 'manuelaamandaporto..manuelaamandaporto@systemsadvisers.com', '(82) 99714-8551', '1997-07-13', 2500),
('Teresinha Allana Alana Vieira', '046.432.052-61', '39.487.440-7', 'teresinhaallanaalanavieira-87@formulaweb.com.br', '(67) 99476-2799', '1959-11-06', 15000),
('Gabrielly Emanuelly Nunes', '639.622.111-01', '28.394.267-8', 'gabriellyemanuellynunes-87@tokiomarine.com.br', '(69) 98609-9126', '1950-10-06', 5000),
('Vanessa Esther Cecília Viana', '394.393.420-99', '18.180.006-8', 'vvanessaestherceciliaviana@bitco.cc', '(63) 99904-0779', '1997-04-05', 2500),
('Sônia Lívia Almeida', '973.481.277-70', '23.677.780-4', 'sonialiviaalmeida-78@oliveiracontabil.com.br', '(69) 99605-9977', '1968-09-20', 5000),
('Marcelo Marcos Roberto Ramos', '176.125.103-16', '24.798.876-5', 'mmarcelomarcosrobertoramos@termaqui.com.br', '(63) 99378-2600', '1945-01-24', 2500),
('Cláudio Vitor Juan Melo', '809.581.282-00', '47.071.115-2', 'claudiovitorjuanmelo..claudiovitorjuanmelo@salvagninigroup.com', '(77) 99561-8262', '1982-02-09', 2000),
('Daniela Andrea Gabrielly da Luz', '100.718.981-90', '41.390.476-3', 'danielaandreagabriellydaluz..danielaandreagabriellydaluz@rotadasbandeiras.com.br', '(27) 99311-8192', '1970-09-16', 15000),
('Nathan Fábio Joaquim Moraes', '496.514.707-39', '25.077.025-8', 'nathanfabiojoaquimmoraes__nathanfabiojoaquimmoraes@soluxenergiasolar.com.br', '(31) 98846-9942', '1996-05-16', 5000),
('Anthony Joaquim Santos', '148.507.449-58', '37.361.179-1', 'anthonyjoaquimsantos_@gtx.ag', '(86) 98555-4905', '1944-11-24', 5000),
('Pietro Severino Giovanni Freitas', '076.521.437-72', '26.518.735-7', 'pietroseverinogiovannifreitas_@hellokitty.com', '(44) 99919-7102', '1953-12-12', 15000),
('Thales Antonio Renan Porto', '689.877.089-69', '26.877.907-7', 'thalesantoniorenanporto_@biconsult.com.br', '(27) 99768-4445', '1958-10-10', 5000),
('Francisco Enzo Eduardo Aparício', '218.903.358-60', '43.648.193-5', 'franciscoenzoeduardoaparicio_@genesyslab.com', '(85) 99471-1427', '1956-03-17', 2000),
('Bernardo Lucas da Cunha', '488.299.617-01', '19.678.701-4', 'bernardolucasdacunha..bernardolucasdacunha@sectron.com.br', '(67) 98495-7339', '1983-07-01', 2500),
('Danilo Carlos da Costa', '308.971.269-55', '15.393.513-3', 'danilocarlosdacosta-98@me.com.br', '(85) 98778-7983', '1968-03-17', 5000),
('Liz Flávia Elza da Mota', '243.022.961-78', '18.065.851-7', 'lizflaviaelzadamota-86@fabianocosta.com.br', '(98) 99419-0087', '1982-03-08', 5000),
('Giovana Sueli Marlene da Luz', '230.320.317-10', '48.164.911-6', 'giovanasuelimarlenedaluz..giovanasuelimarlenedaluz@girocenter.com.br', '(96) 98148-5072', '1974-02-19', 5000),
('Marcela Sophia Figueiredo', '689.439.265-02', '20.272.139-5', 'marcelasophiafigueiredo-84@myself.com', '(66) 99923-9277', '1956-12-12', 2500),
('Anderson Hugo Nogueira', '182.422.690-09', '15.182.661-4', 'andersonhugonogueira__andersonhugonogueira@soespodonto.com.br', '(97) 98537-7796', '1995-04-17', 5000),
('Emanuel Ian das Neves', '311.098.969-72', '23.505.274-7', 'emanueliandasneves-92@archosolutions.com.br', '(99) 98505-8565', '1982-10-13', 15000),
('Tânia Laura Sarah Aparício', '928.086.651-64', '49.547.817-9', 'tanialaurasarahaparicio__tanialaurasarahaparicio@brasildakar.com.br', '(99) 98568-8599', '1978-01-16', 2500),
('Isabela Bruna Fernandes', '003.682.281-77', '13.809.385-4', 'iisabelabrunafernandes@alway.com.br', '(92) 99766-3021', '1967-10-08', 2000),
('Juliana Isabela Galvão', '225.339.748-20', '40.606.307-2', 'jjulianaisabelagalvao@kuehne-nagel.com', '(95) 99990-2545', '1947-08-11', 15000),
('Hugo Oliver Vicente Alves', '035.947.483-75', '26.806.258-4', 'hugoolivervicentealves..hugoolivervicentealves@cavalinho.srv.br', '(27) 98703-2635', '1988-09-04', 5000),
('Rita Elaine da Cruz', '336.653.005-76', '21.083.579-5', 'ritaelainedacruz-86@bol.com', '(19) 99206-3279', '1941-12-05', 5000),
('Isis Alice Laís Moreira', '396.469.639-00', '28.565.269-2', 'isisalicelaismoreira..isisalicelaismoreira@bhcervejas.com.br', '(95) 99875-5348', '1958-05-11', 2000),
('Gabriela Cristiane Beatriz Mendes', '155.719.298-71', '11.765.325-1', 'gabrielacristianebeatrizmendes-94@salera.com.br', '(81) 98880-6763', '1999-11-24', 2500),
('Augusto Elias Rezende', '712.628.392-03', '46.771.183-5', 'augustoeliasrezende__augustoeliasrezende@institutodainfancia.com.br', '(27) 98315-2443', '1945-08-02', 5000),
('Tomás Felipe Juan Campos', '145.297.741-04', '33.465.656-4', 'tomasfelipejuancampos__tomasfelipejuancampos@bol.co.br', '(94) 99347-5689', '1991-06-27', 2000),
('Helena Cristiane Figueiredo', '225.600.390-60', '33.103.974-6', 'helenacristianefigueiredo__helenacristianefigueiredo@villalobos.mu.br', '(84) 99928-6361', '1955-07-15', 5000),
('Bruna Manuela Eliane Caldeira', '514.791.162-62', '40.608.697-7', 'brunamanuelaelianecaldeira..brunamanuelaelianecaldeira@poolrescue.com.br', '(68) 99576-4507', '1947-02-08', 5000),
('Julio Marcos Freitas', '410.184.692-81', '25.926.947-5', 'juliomarcosfreitas..juliomarcosfreitas@retrosfessa.com.br', '(51) 99511-8650', '1967-03-16', 5000),
('Brenda Joana Moura', '329.548.208-02', '47.753.744-3', 'brendajoanamoura..brendajoanamoura@robertacorrea.com', '(21) 99823-3706', '1973-02-04', 15000),
('Aurora Bianca Mariane Campos', '018.352.068-83', '26.116.213-5', 'aurorabiancamarianecampos_@ibest.com.br', '(62) 98760-3715', '1961-12-07', 5000),
('Giovana Vitória Mendes', '199.802.628-00', '20.679.904-4', 'giovanavitoriamendes__giovanavitoriamendes@tecvap.com.br', '(51) 99756-5700', '1953-12-27', 15000),
('Maya Ester Nunes', '551.126.837-24', '41.566.764-1', 'mayaesternunes..mayaesternunes@fedato.com.br', '(67) 99324-5281', '1986-10-04', 5000),
('Aparecida Luna Rayssa Gonçalves', '083.228.500-50', '16.461.768-1', 'aparecidalunarayssagoncalves_@wwlimpador.com.br', '(81) 98267-1514', '1947-01-05', 2000),
('Letícia Fabiana Lima', '092.663.287-66', '47.082.987-4', 'leticiafabianalima_@tarp.com.br', '(96) 99166-3990', '1985-07-26', 2000),
('Eloá Cláudia Andrea Ribeiro', '459.112.112-70', '17.194.213-9', 'eeloaclaudiaandrearibeiro@hotrmail.com', '(91) 99972-7643', '1954-06-11', 5000),
('Ester Lívia Rodrigues', '302.139.873-17', '26.598.362-9', 'esterliviarodrigues__esterliviarodrigues@comdados.com', '(95) 98790-1355', '1977-03-09', 2000),
('Elza Milena Isabela Martins', '499.400.855-83', '26.471.138-5', 'elzamilenaisabelamartins_@ig.com', '(45) 99668-2531', '1961-03-15', 15000),
('Ayla Allana Rocha', '931.766.174-29', '50.924.057-4', 'aylaallanarocha-83@afsn.com.br', '(47) 99931-9117', '1989-05-01', 15000),
('Fábio Augusto Nathan Oliveira', '536.821.070-10', '12.862.907-1', 'fabioaugustonathanoliveira_@platinium.com.br', '(69) 98223-0967', '1948-01-03', 5000),
('Sara Luna Sandra Castro', '200.430.498-77', '21.106.402-6', 'ssaralunasandracastro@cursomarcato.com.br', '(85) 99424-2162', '1961-11-09', 15000),
('Bruna Tânia Jaqueline Nunes', '527.879.032-66', '18.529.866-7', 'brunataniajaquelinenunes__brunataniajaquelinenunes@autbook.com', '(27) 99107-2555', '1991-07-06', 5000),
('Roberto Tiago Sales', '705.778.333-75', '18.524.236-4', 'robertotiagosales..robertotiagosales@clinicasilhouette.com.br', '(92) 98875-5025', '1961-04-12', 5000),
('Renato Benício Assis', '132.987.013-19', '33.212.987-1', 'renatobenicioassis__renatobenicioassis@mucoucah.com.br', '(66) 99463-7787', '1984-03-16', 5000),
('Elisa Emilly Barbosa', '104.471.342-99', '25.340.069-7', 'elisaemillybarbosa-94@thacconstrutora.com.br', '(63) 99918-9636', '1968-02-24', 15000),
('Tânia Sarah Nunes', '173.353.989-16', '40.555.044-3', 'taniasarahnunes..taniasarahnunes@brws.com.br', '(69) 99396-8149', '1965-08-16', 2000),
('Pietra Olivia Silveira', '207.898.384-51', '43.783.690-3', 'pietraoliviasilveira-91@rizan.com.br', '(67) 98497-1692', '1976-06-25', 5000),
('Liz Emily Débora Nunes', '605.677.269-16', '34.484.205-8', 'lizemilydeboranunes_@argosmineracao.com.br', '(92) 98870-6634', '1948-04-13', 15000),
('Olivia Esther Costa', '067.763.407-22', '18.052.213-9', 'ooliviaesthercosta@tita.com.br', '(27) 98509-2597', '1957-02-13', 2000),
('Diogo Nathan Moreira', '723.658.523-86', '34.589.421-2', 'diogonathanmoreira-80@mailnull.com', '(83) 99549-6233', '1980-11-25', 2500),
('Catarina Bárbara Jaqueline Rodrigues', '169.655.999-52', '32.054.507-6', 'catarinabarbarajaquelinerodrigues__catarinabarbarajaquelinerodrigues@gilbertorodrigues.com', '(84) 98473-5546', '1990-10-20', 2500),
('Raimunda Patrícia Lopes', '615.441.987-28', '44.483.005-4', 'raimundapatricialopes__raimundapatricialopes@pronta.com.br', '(67) 99877-5113', '1959-03-01', 5000),
('Rafaela Camila da Mata', '553.229.332-55', '40.106.687-3', 'rafaelacamiladamata..rafaelacamiladamata@prcondominios.com.br', '(61) 98449-2618', '1948-01-03', 5000),
('Maria Manuela Baptista', '515.542.634-09', '23.303.633-7', 'mariamanuelabaptista-73@acmorgado.com.br', '(67) 99459-0652', '1949-12-12', 5000),
('Isabelly Bruna dos Santos', '494.985.538-74', '43.392.550-4', 'isabellybrunadossantos_@picolotoengenharia.com.br', '(48) 99525-1374', '1966-12-15', 15000),
('Caleb Bernardo Ruan da Cunha', '565.716.091-69', '34.140.453-6', 'calebbernardoruandacunha_@sobraer.com.br', '(82) 98314-6995', '1985-05-26', 2000),
('Betina Isabela Eduarda dos Santos', '851.907.993-87', '45.509.515-2', 'bbetinaisabelaeduardadossantos@gasparalmeida.com', '(99) 99193-7569', '1963-12-07', 15000),
('Enzo Lucca Fogaça', '574.840.434-60', '48.827.142-3', 'enzoluccafogaca-85@hubersuhner.com', '(91) 98881-9815', '1950-01-26', 5000),
('Marcos Nathan Cardoso', '998.718.624-66', '48.939.741-4', 'marcosnathancardoso_@vianetfone.com.br', '(79) 99139-0716', '1941-12-13', 5000),
('Vitor Thomas Vieira', '988.452.535-89', '24.704.184-1', 'vitorthomasvieira..vitorthomasvieira@reginfo.com.br', '(86) 99931-0672', '2002-08-03', 5000),
('Betina Joana Costa', '109.429.091-27', '17.703.172-4', 'bbetinajoanacosta@pozzer.net', '(75) 98479-9212', '1967-03-27', 2000),
('Juliana Heloisa Priscila Vieira', '043.833.155-93', '24.852.825-7', 'jjulianaheloisapriscilavieira@6am.com.br', '(27) 99201-8791', '1962-06-12', 5000),
('Rodrigo Tomás Barbosa', '033.141.943-23', '37.436.987-2', 'rodrigotomasbarbosa_@cfaraujo.eng.br', '(61) 99181-4822', '1977-11-03', 5000),
('Louise Yasmin Caldeira', '614.529.441-80', '12.556.329-2', 'louiseyasmincaldeira..louiseyasmincaldeira@disparco.com.br', '(95) 99721-1459', '1966-03-01', 2500),
('Henry Murilo Ricardo Alves', '461.682.132-10', '22.825.413-9', 'henrymuriloricardoalves..henrymuriloricardoalves@cenavip.com.br', '(47) 99728-6207', '1941-06-16', 5000),
('Thales Paulo Kaique Melo', '075.262.469-59', '15.110.416-5', 'tthalespaulokaiquemelo@zulix.com.br', '(95) 99784-3785', '1966-09-20', 15000),
('Stella Heloise Rebeca Cardoso', '742.685.360-86', '50.516.352-4', 'stellaheloiserebecacardoso..stellaheloiserebecacardoso@dicid.com.br', '(85) 99471-8593', '1976-11-16', 5000),
('Cristiane Teresinha Pires', '912.630.224-13', '21.879.221-9', 'ccristianeteresinhapires@dpi.indl.com.br', '(84) 98706-4441', '1958-09-16', 5000),
('Joana Rosângela Bernardes', '934.688.090-26', '31.884.074-1', 'joanarosangelabernardes-81@ugeda.com.br', '(68) 99697-2376', '1967-08-12', 5000),
('Márcio Enzo Arthur Martins', '186.584.769-01', '37.639.212-5', 'marcioenzoarthurmartins-77@pisbrasil.com.br', '(48) 98508-1069', '1976-12-23', 5000),
('Luiza Maria Nicole Rezende', '923.734.437-67', '23.177.765-6', 'luizamarianicolerezende-78@proshock.com.br', '(92) 99987-8335', '1941-08-23', 5000),
('Sophia Isabel Nina da Silva', '242.010.456-09', '14.849.339-7', 'sophiaisabelninadasilva__sophiaisabelninadasilva@bravo.com.br', '(53) 99194-5871', '1967-03-19', 5000),
('Joaquim Cauã Renan Aragão', '972.918.890-49', '48.005.627-4', 'joaquimcauarenanaragao__joaquimcauarenanaragao@dlh.de', '(48) 98186-5683', '1970-03-17', 5000),
('Rita Clarice Rosa Novaes', '683.339.278-15', '12.857.001-5', 'ritaclaricerosanovaes-82@transicao.com', '(95) 99869-6034', '2000-03-19', 5000),
('Luís Ricardo Miguel Santos', '311.008.142-30', '32.510.535-2', 'luisricardomiguelsantos__luisricardomiguelsantos@oliveiracontabil.com.br', '(48) 99269-8220', '1960-02-10', 2000),
('Clara Juliana Jesus', '361.050.370-07', '48.366.240-9', 'clarajulianajesus_@goldfinger.com.br', '(92) 99355-9787', '1965-12-13', 15000),
('Valentina Teresinha Márcia Sales', '993.452.139-37', '46.487.308-3', 'vvalentinateresinhamarciasales@gtx.ag', '(92) 99845-7258', '1947-01-27', 5000),
('Danilo Vinicius Carlos Eduardo Barros', '553.035.617-63', '14.897.294-9', 'daniloviniciuscarloseduardobarros-96@supracolor.com.br', '(11) 99925-9216', '1943-08-12', 15000),
('Josefa Gabriela Adriana Aragão', '956.559.611-80', '25.474.609-3', 'josefagabrielaadrianaaragao-83@nipbr.com.br', '(21) 98887-7413', '1969-02-20', 5000),
('Aparecida Josefa Rodrigues', '016.442.238-21', '40.417.495-4', 'aaparecidajosefarodrigues@gruporeis.net', '(67) 99945-3508', '1979-02-13', 5000),
('Bruno Renan Barbosa', '810.263.871-08', '22.838.126-5', 'brunorenanbarbosa_@sadefem.com.br', '(83) 99859-4647', '1962-03-19', 5000),
('Rosângela Juliana Gomes', '763.267.915-45', '22.004.119-2', 'rosangelajulianagomes..rosangelajulianagomes@stilomovelaria.com.br', '(62) 98990-9576', '1967-10-24', 5000),
('Mirella Rebeca da Silva', '552.562.038-35', '49.367.100-6', 'mirellarebecadasilva__mirellarebecadasilva@effem.com', '(65) 99367-5740', '1984-01-17', 2000),
('Alexandre Vitor Aragão', '975.641.391-37', '28.928.867-8', 'alexandrevitoraragao__alexandrevitoraragao@foz.com.br', '(68) 98151-2771', '1994-03-03', 2000),
('Miguel Benício Mateus Brito', '876.389.150-62', '18.257.912-8', 'miguelbeniciomateusbrito..miguelbeniciomateusbrito@hotmmail.com', '(96) 98545-4281', '1947-08-08', 2000),
('Allana Fernanda Pereira', '955.419.790-05', '32.652.963-9', 'allanafernandapereira_@tirantea.com.br', '(31) 98789-9044', '1988-10-02', 15000),
('Mariane Carolina Sales', '737.537.672-71', '41.084.253-9', 'marianecarolinasales_@unink.com.br', '(83) 99871-0152', '1993-08-10', 2000),
('Sophia Mirella Rezende', '884.594.756-46', '45.836.181-1', 'sophiamirellarezende..sophiamirellarezende@contabilidadevictoria.com.br', '(69) 98702-6179', '1947-02-22', 5000),
('Thales Felipe Rezende', '830.856.926-90', '38.854.484-3', 'thalesfeliperezende__thalesfeliperezende@omnibrasil.com.br', '(68) 98633-8466', '1991-08-01', 15000),
('Eduardo Bruno dos Santos', '766.104.571-07', '46.532.684-5', 'eduardobrunodossantos_@riguetti.com.br', '(85) 99577-8745', '1963-12-12', 2000),
('Andrea Analu Lorena da Cruz', '028.796.541-49', '11.119.731-4', 'andreaanalulorenadacruz__andreaanalulorenadacruz@mfb.com.br', '(11) 98369-8142', '1961-12-25', 5000),
('Márcia Alice Gonçalves', '690.582.007-52', '34.561.158-5', 'marciaalicegoncalves-83@newpark.com', '(95) 98353-6793', '1986-11-25', 15000),
('Joana Caroline Monteiro', '837.373.077-09', '33.594.318-4', 'joanacarolinemonteiro..joanacarolinemonteiro@gerdau.com.br', '(75) 98984-2326', '1966-01-15', 15000),
('Augusto Rafael Caleb Corte Real', '050.892.228-35', '22.824.264-2', 'augustorafaelcalebcortereal_@inforgel.com', '(92) 99839-5118', '1957-05-15', 15000),
('Gabriel Manuel Lucca Freitas', '040.991.184-44', '25.584.137-1', 'gabrielmanuelluccafreitas-92@portalpublicidade.com.br', '(65) 99151-6321', '1981-09-03', 5000),
('Josefa Beatriz Priscila da Cunha', '678.841.056-91', '23.578.259-2', 'josefabeatrizprisciladacunha-76@smbcontabil.com.br', '(61) 98207-7464', '1976-09-17', 5000),
('Letícia Alessandra Ana Vieira', '584.358.995-19', '27.809.659-1', 'leticiaalessandraanavieira-82@gerdau.com.br', '(61) 99158-7945', '1950-02-10', 2000),
('Leonardo Otávio Tomás Peixoto', '102.790.645-19', '11.165.683-7', 'leonardootaviotomaspeixoto_@marsans.com.br', '(47) 98384-8733', '1963-12-25', 5000),
('Juan Raul da Rosa', '887.726.469-18', '24.178.392-6', 'juanrauldarosa..juanrauldarosa@obrativaengenharia.com.br', '(86) 98398-8215', '1968-06-15', 5000),
('Rebeca Heloise Mirella das Neves', '896.875.190-02', '49.967.372-4', 'rebecaheloisemirelladasneves..rebecaheloisemirelladasneves@universo3d.com.br', '(84) 98600-7911', '1992-10-27', 5000),
('Marcos Vinicius Fernando Aragão', '915.012.934-19', '24.365.549-6', 'mmarcosviniciusfernandoaragao@cartovale.com.br', '(83) 99459-6723', '1984-05-16', 5000),
('Liz Nicole Pereira', '073.670.304-77', '13.307.942-9', 'liznicolepereira_@fileno.com.br', '(47) 98613-5185', '1950-06-02', 5000),
('Luís Carlos Monteiro', '150.295.480-09', '36.798.410-6', 'luiscarlosmonteiro__luiscarlosmonteiro@policiapenal.com', '(85) 99189-8180', '1952-03-11', 15000),
('Heloise Lorena Raquel Castro', '275.256.162-80', '15.250.752-8', 'heloiselorenaraquelcastro-91@ornatopresentes.com.br', '(83) 98569-1248', '1942-12-04', 5000),
('Adriana Camila Priscila da Silva', '349.941.289-60', '20.462.534-8', 'adrianacamilaprisciladasilva..adrianacamilaprisciladasilva@homtail.com', '(92) 99166-0585', '2003-08-18', 2500),
('Levi Diogo Rodrigo de Paula', '570.131.716-11', '42.450.963-5', 'llevidiogorodrigodepaula@lukin4.com.br', '(63) 98172-7675', '1985-10-07', 15000),
('Kauê Matheus Renan Viana', '477.654.401-60', '11.936.566-2', 'kauematheusrenanviana-71@vizzacchi.com.br', '(27) 99110-7154', '1993-10-03', 5000),
('Emanuel Nathan Manuel Cavalcanti', '075.157.606-99', '44.062.062-4', 'emanuelnathanmanuelcavalcanti-81@googlemail.com', '(86) 99352-9836', '1986-02-27', 2500),
('Manuel Tiago Roberto Moreira', '095.614.441-19', '36.869.605-4', 'manueltiagorobertomoreira__manueltiagorobertomoreira@vuyu.es', '(62) 99170-2682', '1992-09-16', 2500);


INSERT INTO guiche(id)
VALUES (DEFAULT),
(DEFAULT),
(DEFAULT),
(DEFAULT),
(DEFAULT),
(DEFAULT),
(DEFAULT),
(DEFAULT),
(DEFAULT),
(DEFAULT),
(DEFAULT),
(DEFAULT),
(DEFAULT),
(DEFAULT),
(DEFAULT),
(DEFAULT),
(DEFAULT),
(DEFAULT),
(DEFAULT),
(DEFAULT);


INSERT INTO passageiro (nome, cpf, rg, email, telefone)
VALUES ('Kamilly Manuela Viana', '902.631.266-09', '40.689.298-2', 'kamillymanuelaviana_@charquesorocaba.com.br', '(68) 98107-6393'),
('Isabella Marli Moraes', '664.641.035-63', '31.186.988-9', 'isabellamarlimoraes..isabellamarlimoraes@atualvendas.com', '(47) 98321-1757'),
('Daniela Márcia Antônia Pinto', '445.757.404-03', '40.220.919-9', 'danielamarciaantoniapinto__danielamarciaantoniapinto@predialnet.com.br', '(27) 99437-9942'),
('Alícia Emilly Jennifer Baptista', '545.824.866-06', '17.562.342-9', 'aliciaemillyjenniferbaptista_@petrobras.com.br', '(31) 98949-3139'),
('Bryan Edson Felipe Rodrigues', '759.142.271-51', '31.655.559-9', 'bryanedsonfeliperodrigues_@ynail.com.br', '(47) 99349-5007'),
('Cecília Rita Antonella dos Santos', '572.077.074-79', '16.605.728-9', 'cceciliaritaantonelladossantos@hotrmail.com', '(44) 99602-1613'),
('Letícia Simone Oliveira', '388.409.023-25', '34.026.430-5', 'leticiasimoneoliveira__leticiasimoneoliveira@baptistas.com.br', '(83) 99195-6018'),
('Débora Emilly Stefany Cavalcanti', '621.578.587-33', '43.316.365-3', 'deboraemillystefanycavalcanti_@yahoo.fr', '(55) 99393-4182'),
('Isis Hadassa Rosa Lima', '584.936.856-66', '20.694.302-7', 'isishadassarosalima-85@hotmai.com.br', '(27) 98913-5811'),
('Raimunda Sarah Alessandra Monteiro', '363.598.310-15', '39.872.142-7', 'raimundasarahalessandramonteiro__raimundasarahalessandramonteiro@ogn.com.br', '(84) 99135-0062'),
('Matheus Tomás Roberto Ramos', '891.251.314-19', '42.094.408-4', 'matheustomasrobertoramos_@damataemporionatural.com.br', '(84) 98723-1161'),
('Valentina Giovanna da Costa', '311.642.704-60', '30.098.261-6', 'valentinagiovannadacosta..valentinagiovannadacosta@gruppoitalia.com.br', '(51) 99471-3144'),
('Rosângela Luna Isabela Alves', '095.718.862-54', '14.716.100-9', 'rosangelalunaisabelaalves_@smbcontabil.com.br', '(66) 98262-4367'),
('Elisa Priscila Liz Assunção', '373.908.366-28', '45.386.392-9', 'elisapriscilalizassuncao__elisapriscilalizassuncao@pq.cnpq.br', '(95) 99140-3967'),
('Eduarda Olivia Esther Cardoso', '465.504.176-51', '12.776.460-4', 'eduardaoliviaesthercardoso-72@freitasepozzatti.com.br', '(62) 98933-5482'),
('Priscila Joana Tereza Aragão', '590.936.318-29', '25.522.237-3', 'priscilajoanaterezaaragao_@pontofinalcafe.com.br', '(69) 98168-7493'),
('Liz Antônia da Luz', '554.242.636-07', '19.884.941-2', 'lizantoniadaluz..lizantoniadaluz@iss.com.br', '(69) 98223-1634'),
('Antônia Carolina Monteiro', '524.766.391-84', '30.824.181-2', 'antoniacarolinamonteiro__antoniacarolinamonteiro@madhause.com.br', '(24) 99483-6333'),
('Gabriela Agatha Aragão', '788.524.968-90', '30.464.507-2', 'gabrielaagathaaragao..gabrielaagathaaragao@vivo.com.br', '(82) 98185-7041'),
('Luiz César Matheus Caldeira', '381.249.381-05', '10.639.431-9', 'luizcesarmatheuscaldeira_@ramiresmotors.com.br', '(67) 98594-4068'),
('Andrea Sophie de Paula', '275.129.288-74', '20.868.560-1', 'aandreasophiedepaula@patrezao.com.br', '(98) 98879-7034'),
('Raul Ruan Baptista', '477.275.319-28', '28.756.202-5', 'raulruanbaptista_@golinelli.eti.br', '(35) 98936-5839'),
('Cristiane Priscila Lívia Caldeira', '630.995.834-80', '22.363.568-6', 'cristianepriscilaliviacaldeira_@compecia.com.br', '(27) 98680-6870'),
('Francisca Adriana Gomes', '480.297.077-38', '47.462.806-1', 'franciscaadrianagomes..franciscaadrianagomes@attglobal.net', '(48) 99764-3808'),
('José Martin Ruan Figueiredo', '382.026.824-36', '31.485.939-1', 'josemartinruanfigueiredo..josemartinruanfigueiredo@vilasites.com.br', '(82) 98477-3212'),
('Fabiana Emanuelly Lúcia de Paula', '616.359.585-80', '40.312.753-1', 'fabianaemanuellyluciadepaula-97@lojascentrodamoda.com.br', '(69) 98683-1779'),
('Renata Brenda Gomes', '333.751.447-25', '43.606.069-3', 'renatabrendagomes-86@nipnet.com.br', '(86) 99531-8846'),
('Edson Nelson Corte Real', '480.799.535-97', '48.174.538-5', 'edsonnelsoncortereal..edsonnelsoncortereal@pisbrasil.com.br', '(61) 99609-3176'),
('Alícia Francisca Letícia Carvalho', '072.165.242-50', '22.072.167-1', 'aliciafranciscaleticiacarvalho..aliciafranciscaleticiacarvalho@fredericodiniz.com', '(27) 98435-1667'),
('Julia Francisca Sabrina Duarte', '456.707.475-00', '34.786.844-7', 'juliafranciscasabrinaduarte__juliafranciscasabrinaduarte@agen-pegeuot.com.br', '(11) 99835-5217'),
('Renato Márcio Peixoto', '247.375.931-68', '33.154.691-7', 'renatomarciopeixoto_@wikimetal.com.br', '(67) 99648-1879'),
('Lucca Arthur Freitas', '310.702.571-25', '33.758.615-9', 'luccaarthurfreitas__luccaarthurfreitas@esplanadaviagens.com.br', '(62) 99707-6462'),
('Mariana Vera Vieira', '247.224.686-21', '29.834.110-4', 'marianaveravieira_@telefonica.com', '(48) 98100-5002'),
('Yuri Gustavo Edson Souza', '224.229.322-23', '26.496.006-3', 'yurigustavoedsonsouza..yurigustavoedsonsouza@directnet.com.br', '(81) 99821-0701'),
('Bryan Cauã Marcelo Rodrigues', '221.431.243-92', '16.190.257-1', 'bryancauamarcelorodrigues__bryancauamarcelorodrigues@veraparodi.com.br', '(69) 99435-8670'),
('Daniela Laís Nair de Paula', '803.480.298-02', '50.249.117-6', 'danielalaisnairdepaula-99@bwmtrade.com', '(42) 98432-0301'),
('Joaquim Pietro Yuri Gonçalves', '328.748.059-63', '38.092.006-2', 'joaquimpietroyurigoncalves__joaquimpietroyurigoncalves@ig.com.br', '(83) 98335-0100'),
('Raimundo Arthur Moura', '265.625.736-02', '21.764.932-4', 'raimundoarthurmoura__raimundoarthurmoura@2emesconstrutora.com.br', '(66) 98944-1895'),
('Anthony Manuel Nelson Fogaça', '572.914.810-07', '10.309.293-6', 'anthonymanuelnelsonfogaca__anthonymanuelnelsonfogaca@mpc.com.br', '(92) 98653-1267'),
('Emily Renata Carvalho', '848.370.637-72', '24.567.253-9', 'emilyrenatacarvalho__emilyrenatacarvalho@santacasasjc.com.br', '(61) 99964-8832'),
('Eduarda Elza Malu Figueiredo', '124.772.605-37', '38.916.686-8', 'eduardaelzamalufigueiredo..eduardaelzamalufigueiredo@raioazul.com.br', '(79) 98824-4756'),
('Benedita Priscila Pinto', '989.123.880-61', '25.152.922-8', 'beneditapriscilapinto_@novaes.me', '(62) 98193-4122'),
('Flávia Mariah Laís Melo', '833.878.901-17', '48.471.700-5', 'flaviamariahlaismelo__flaviamariahlaismelo@buzatto.pro', '(61) 99195-9951'),
('Cláudio Eduardo Aragão', '146.196.048-79', '22.789.289-6', 'claudioeduardoaragao..claudioeduardoaragao@acritica.com.br', '(95) 98854-4629'),
('Fernando Igor Bryan Moura', '280.834.554-23', '42.947.793-4', 'fernandoigorbryanmoura__fernandoigorbryanmoura@a-qualitybrasil.com.br', '(92) 99768-1496'),
('Bryan Ruan Moraes', '642.224.710-97', '29.355.555-2', 'bryanruanmoraes..bryanruanmoraes@fiorecomunicacao.com.br', '(45) 98907-7394'),
('Luana Aparecida Peixoto', '343.310.615-07', '30.733.432-6', 'luanaaparecidapeixoto__luanaaparecidapeixoto@wizardararaquara.com.br', '(82) 99624-5527'),
('Fabiana Fátima Juliana da Rosa', '239.585.002-00', '10.686.388-5', 'fabianafatimajulianadarosa__fabianafatimajulianadarosa@outllok.com', '(81) 98368-3439'),
('Hugo Thomas Mário Caldeira', '214.808.238-80', '50.292.347-7', 'hugothomasmariocaldeira__hugothomasmariocaldeira@igoralcantara.com.br', '(83) 98587-6266'),
('Cláudio Diogo Bernardes', '834.610.977-64', '15.705.848-7', 'cclaudiodiogobernardes@acritica.com.br', '(51) 98686-5394'),
('Pietra Rayssa da Cruz', '396.152.546-30', '41.262.449-7', 'pietrarayssadacruz_@semco.com.br', '(91) 98521-0646'),
('Isabelly Elza Bernardes', '716.913.480-23', '17.642.050-2', 'isabellyelzabernardes-84@dmarquivo.com.br', '(61) 99301-8590'),
('Noah Martin Santos', '638.757.248-79', '31.399.014-1', 'noahmartinsantos..noahmartinsantos@maptec.com.br', '(21) 98317-0687'),
('Allana Emanuelly Araújo', '284.454.131-39', '23.838.311-8', 'allanaemanuellyaraujo_@sp.senac.com.br', '(91) 99942-5870'),
('Catarina Kamilly Luana da Cunha', '312.847.627-69', '39.271.602-1', 'catarinakamillyluanadacunha__catarinakamillyluanadacunha@gdsambiental.com.br', '(74) 99294-2519'),
('Calebe Tiago Pedro Henrique Cardoso', '725.778.298-92', '11.462.876-2', 'calebetiagopedrohenriquecardoso..calebetiagopedrohenriquecardoso@queirozgalvao.com', '(34) 99957-1597'),
('Natália Vera Louise Duarte', '348.919.516-72', '30.823.693-2', 'nnataliaveralouiseduarte@comercialrizzo.com', '(21) 99353-2229'),
('Heitor Diogo Rodrigo Campos', '134.766.096-85', '17.595.972-9', 'heitordiogorodrigocampos_@selaz.com.br', '(73) 99499-2808'),
('Gustavo Francisco Sales', '254.147.956-57', '30.565.725-2', 'gustavofranciscosales_@iclaud.com', '(67) 98582-4940'),
('Anderson Yago Danilo da Silva', '819.733.683-07', '13.474.866-9', 'andersonyagodanilodasilva__andersonyagodanilodasilva@texfuse.com.br', '(81) 99598-7727');


INSERT INTO portao (ocupado)
VALUES (false),
(false),
(false),
(false),
(false),
(false),
(false),
(false),
(false),
(false),
(false),
(false),
(false),
(false),
(false),
(false),
(false),
(false),
(false),
(false);


INSERT INTO atendente(turno, funccpf)
VALUES ('vespertino', '790.467.680-07'),
('vespertino', '552.562.038-35'),
('matutino', '083.228.500-50'),
('matutino', '411.812.560-97'),
('noturno', '349.941.289-60'),
('noturno', '095.614.441-19'),
('matutino', '975.641.391-37'),
('matutino', '218.903.358-60'),
('vespertino', '155.719.298-71'),
('vespertino', '176.125.103-16'),
('vespertino', '723.658.523-86'),
('noturno', '565.716.091-69'),
('vespertino', '584.358.995-19'),
('matutino', '462.577.125-05'),
('noturno', '937.488.244-24'),
('vespertino', '922.099.047-49'),
('vespertino', '685.071.842-86'),
('matutino', '809.581.282-00'),
('vespertino', '177.407.110-04'),
('matutino', '311.008.142-30'),
('matutino', '737.537.672-71'),
('matutino', '712.421.432-70'),
('matutino', '314.417.646-07'),
('vespertino', '075.157.606-99'),
('noturno', '614.529.441-80'),
('noturno', '173.353.989-16'),
('noturno', '109.429.091-27'),
('noturno', '766.104.571-07'),
('noturno', '928.086.651-64'),
('vespertino', '092.663.287-66'),
('vespertino', '396.469.639-00'),
('vespertino', '394.393.420-99'),
('noturno', '302.139.873-17'),
('vespertino', '067.763.407-22'),
('matutino', '171.279.081-17'),
('vespertino', '167.877.659-91'),
('matutino', '689.439.265-02'),
('noturno', '730.721.788-01'),
('noturno', '003.682.281-77'),
('noturno', '488.299.617-01'),
('noturno', '166.629.260-51'),
('noturno', '145.297.741-04'),
('vespertino', '139.161.277-99'),
('noturno', '169.655.999-52'),
('noturno', '876.389.150-62');


INSERT INTO bagagem (peso, esteira, cpf)
VALUES (9.795, 6, '465.504.176-51'),
(18.244, 6, '224.229.322-23'),
(16.769, 8, '788.524.968-90'),
(18.608, 10, '284.454.131-39'),
(8.848, 5, '224.229.322-23'),
(16.914, 9, '616.359.585-80'),
(11.852, 2, '275.129.288-74'),
(19.671, 7, '664.641.035-63'),
(13.619, 1, '247.224.686-21'),
(5.112, 1, '524.766.391-84'),
(12.825, 4, '642.224.710-97'),
(22.774, 3, '616.359.585-80'),
(15.562, 6, '545.824.866-06'),
(17.872, 5, '381.249.381-05'),
(19.44, 7, '134.766.096-85'),
(18.383, 6, '616.359.585-80'),
(4.17, 7, '328.748.059-63'),
(17.275, 5, '630.995.834-80'),
(20.188, 3, '642.224.710-97'),
(15.092, 7, '480.297.077-38'),
(4.994, 9, '333.751.447-25'),
(23.904, 8, '788.524.968-90'),
(8.84, 7, '095.718.862-54'),
(10.895, 2, '642.224.710-97'),
(21.559, 2, '638.757.248-79'),
(22.987, 6, '221.431.243-92'),
(24.032, 1, '477.275.319-28'),
(7.633, 5, '333.751.447-25'),
(4.454, 5, '134.766.096-85'),
(12.436, 7, '642.224.710-97'),
(10.751, 4, '373.908.366-28'),
(18.581, 9, '819.733.683-07'),
(17.527, 4, '311.642.704-60'),
(10.806, 7, '456.707.475-00'),
(17.042, 3, '819.733.683-07'),
(20.953, 6, '725.778.298-92'),
(23.613, 10, '664.641.035-63'),
(21.708, 5, '902.631.266-09'),
(6.699, 6, '664.641.035-63'),
(14.725, 1, '834.610.977-64'),
(23.602, 4, '621.578.587-33'),
(7.016, 5, '554.242.636-07'),
(21.796, 5, '381.249.381-05'),
(20.949, 10, '638.757.248-79'),
(15.461, 2, '465.504.176-51'),
(10.693, 9, '590.936.318-29'),
(18.65, 1, '545.824.866-06'),
(16.303, 1, '095.718.862-54'),
(14.332, 8, '280.834.554-23'),
(22.672, 8, '265.625.736-02'),
(24.254, 3, '480.799.535-97'),
(4.115, 7, '239.585.002-00'),
(11.519, 2, '834.610.977-64'),
(15.472, 6, '284.454.131-39'),
(22.516, 4, '642.224.710-97'),
(15.073, 9, '465.504.176-51'),
(11.749, 4, '275.129.288-74'),
(9.036, 3, '146.196.048-79'),
(12.263, 5, '480.297.077-38'),
(18.205, 2, '265.625.736-02');


INSERT INTO comissarioDeBordo(funccpf)
VALUES ('120.715.642-60'),
('998.718.624-66'),
('763.267.915-45'),
('056.755.878-96'),
('551.126.837-24'),
('148.507.449-58'),
('935.403.817-40'),
('040.991.184-44'),
('745.838.845-59'),
('884.594.756-46'),
('574.840.434-60'),
('514.791.162-62'),
('389.667.632-60'),
('102.790.645-19'),
('896.875.190-02'),
('634.335.894-37'),
('073.670.304-77'),
('018.352.068-83'),
('410.184.692-81'),
('683.339.278-15'),
('461.682.132-10'),
('705.778.333-75'),
('109.310.917-30'),
('973.481.277-70'),
('536.821.070-10'),
('035.947.483-75'),
('109.678.915-90'),
('207.898.384-51'),
('956.559.611-80'),
('186.584.769-01'),
('553.229.332-55'),
('242.010.456-09'),
('243.022.961-78'),
('262.773.564-02'),
('182.422.690-09'),
('680.882.624-29'),
('496.514.707-39'),
('043.833.155-93'),
('550.537.918-48'),
('712.628.392-03'),
('132.987.013-19'),
('972.918.890-49'),
('527.879.032-66'),
('742.685.360-86'),
('016.442.238-21'),
('028.796.541-49'),
('652.301.558-09'),
('336.653.005-76'),
('077.717.303-45'),
('394.752.922-84'),
('308.971.269-55'),
('477.654.401-60'),
('887.726.469-18'),
('810.263.871-08'),
('200.943.911-22'),
('993.452.139-37'),
('615.441.987-28'),
('915.012.934-19'),
('678.841.056-91'),
('988.452.535-89'),
('275.256.162-80'),
('571.749.652-45'),
('934.688.090-26'),
('225.600.390-60'),
('947.618.836-77'),
('515.542.634-09'),
('923.734.437-67'),
('459.112.112-70'),
('639.622.111-01'),
('689.877.089-69');


INSERT INTO piloto (funccpf)
VALUES ('361.050.370-07'),
('830.856.926-90'),
('150.295.480-09'),
('486.622.150-09'),
('834.924.938-23'),
('772.264.192-03'),
('637.267.105-07'),
('075.262.469-59'),
('229.676.803-20'),
('690.582.007-52'),
('851.907.993-87'),
('200.430.498-77'),
('050.892.228-35'),
('076.521.437-72'),
('046.432.052-61'),
('955.419.790-05'),
('225.339.748-20'),
('663.288.003-71'),
('311.098.969-72'),
('553.035.617-63'),
('329.548.208-02'),
('199.802.628-00'),
('837.373.077-09'),
('499.400.855-83'),
('605.677.269-16');


INSERT INTO voo (partida, chegada, localPartida, localChegada, aviaoID, portaoID, companhiaCNPJ)
VALUES ('2021-11-18 22:30', '2021-11-18 23:30', 'Piauí', 'São Paulo', 1, 1, '24.313.075/0001-90'),
('2021-11-18 17:45', '2021-11-18 18:45', 'Belo Horizonte', 'São Paulo', 2, 2, '13.941.318/0001-19'),
('2021-11-18 20:00', '2021-11-18 19:00', 'São Paulo', 'Florianopolis', 3, 3, '08.775.072/0001-12'),
('2021-11-18 21:30', '2021-11-18 22:30', 'São Paulo', 'Florianopolis', 4, 4, '13.941.318/0001-19'),
('2021-11-18 19:05', '2021-11-18 20:05', 'São Paulo', 'Belo Horizonte', 5, 5, '24.313.075/0001-90'),
('2021-11-18 20:35', '2021-11-18 22:00', 'São Paulo', 'Brasília', 6, 6, '08.775.072/0001-12'),
('2021-11-18 22:20', '2021-11-18 23:50', 'São Paulo', 'Recife', 7, 7, '08.775.072/0001-12'),
('2021-11-18 20:25', '2021-11-18 21:25', 'São Paulo', 'Rio de Janeiro', 8, 8, '08.775.072/0001-12'),
('2021-11-18 21:20', '2021-11-18 22:20', 'São Paulo', 'Rio de Janeiro', 9, 9, '24.313.075/0001-90'),
('2021-11-18 22:00', '2021-11-18 23:30', 'São Paulo', 'Recife', 10, 10, '24.313.075/0001-90'),
('2021-11-18 18:20', '2021-11-18 19:25', 'Rio de Janeiro', 'São Paulo', 11, 8, '13.941.318/0001-19'),
('2021-11-18 18:05', '2021-11-18 19:45', 'Goiana', 'São Paulo', 12, 3, '08.775.072/0001-12'),
('2021-11-18 19:15', '2021-11-18 20:20', 'Rio de Janeiro', 'São Paulo', 13, 6, '24.313.075/0001-90'),
('2021-11-18 17:00', '2021-11-18 20:25', 'Natal', 'São Paulo', 14, 17, '08.775.072/0001-12'),
('2021-11-18 19:30', '2021-11-18 20:30', 'Curitiba', 'São Paulo', 15, 9, '08.775.072/0001-12'),
('2021-11-18 19:15', '2021-11-18 20:35', 'Belo Horizonte', 'São Paulo', 16, 12, '13.941.318/0001-19'),
('2021-11-18 19:30', '2021-11-18 20:40', 'Rio de Janeiro', 'São Paulo', 17, 12, '08.775.072/0001-12'),
('2021-11-18 19:45', '2021-11-18 20:35', 'Curitiba', 'São Paulo', 18, 12, '24.313.075/0001-90'),
('2021-11-18 18:00', '2021-11-18 20:59', 'Maceio', 'São Paulo', 19, 12, '08.775.072/0001-12'),
('2021-11-18 19:30', '2021-11-18 21:05', 'Vitoria', 'São Paulo', 20, 12, '24.313.075/0001-90');



-- RELAÇÕES



INSERT INTO atendeno (portaoid, funccpf)
VALUES ('7', '155.719.298-71'),
('2', '394.393.420-99'),
('14', '314.417.646-07'),
('17', '937.488.244-24'),
('3', '689.439.265-02'),
('16', '462.577.125-05'),
('4', '075.157.606-99'),
('4', '169.655.999-52'),
('1', '928.086.651-64'),
('19', '723.658.523-86'),
('20', '349.941.289-60'),
('8', '685.071.842-86'),
('13', '488.299.617-01'),
('15', '095.614.441-19'),
('14', '730.721.788-01'),
('1', '411.812.560-97'),
('13', '712.421.432-70'),
('19', '177.407.110-04'),
('6', '614.529.441-80'),
('16', '166.629.260-51');


INSERT INTO atuaNo(vooId,funccpf)
VALUES ('16', '018.352.068-83'),
('13', '109.310.917-30'),
('16', '410.184.692-81'),
('8', '394.752.922-84'),
('13', '639.622.111-01'),
('18', '896.875.190-02'),
('9', '336.653.005-76'),
('20', '683.339.278-15'),
('20', '689.877.089-69'),
('20', '182.422.690-09'),
('8', '389.667.632-60'),
('19', '225.600.390-60'),
('18', '884.594.756-46'),
('17', '515.542.634-09'),
('14', '550.537.918-48'),
('19', '028.796.541-49'),
('15', '496.514.707-39'),
('10', '120.715.642-60'),
('13', '947.618.836-77'),
('18', '459.112.112-70'),
('7', '973.481.277-70'),
('11', '678.841.056-91'),
('20', '742.685.360-86'),
('6', '527.879.032-66'),
('12', '308.971.269-55'),
('12', '972.918.890-49'),
('20', '243.022.961-78'),
('16', '035.947.483-75'),
('7', '571.749.652-45'),
('13', '634.335.894-37'),
('11', '810.263.871-08'),
('15', '887.726.469-18'),
('18', '536.821.070-10'),
('12', '102.790.645-19'),
('6', '207.898.384-51'),
('7', '763.267.915-45'),
('7', '705.778.333-75'),
('16', '915.012.934-19'),
('16', '040.991.184-44'),
('11', '242.010.456-09');


INSERT INTO bagagemExtraviada(bagId, vooId)
VALUES ('3', '15'),
('11', '10'),
('55', '6'),
('39', '15'),
('15', '8'),
('40', '7'),
('12', '18'),
('20', '15'),
('27', '16'),
('30', '6'),
('50', '9'),
('21', '9'),
('35', '8'),
('22', '14'),
('9', '12'),
('2', '17'),
('59', '19'),
('17', '10'),
('10', '6'),
('44', '20');


INSERT INTO pilotaNo(vooId, funccpf)
VALUES('17', '075.262.469-59'),
('6', '499.400.855-83'),
('14', '637.267.105-07'),
('15', '229.676.803-20'),
('20', '050.892.228-35'),
('8', '361.050.370-07'),
('5', '690.582.007-52'),
('16', '834.924.938-23'),
('11', '150.295.480-09'),
('3', '837.373.077-09'),
('2', '605.677.269-16'),
('19', '225.339.748-20'),
('13', '955.419.790-05'),
('4', '663.288.003-71'),
('7', '830.856.926-90'),
('10', '046.432.052-61'),
('1', '553.035.617-63'),
('9', '199.802.628-00'),
('18', '329.548.208-02'),
('12', '200.430.498-77');


INSERT INTO recpecionaNo(guicheId, funccpf)
VALUES ('19', '155.719.298-71'),
('1', '552.562.038-35'),
('17', '311.008.142-30'),
('2', '766.104.571-07'),
('9', '003.682.281-77'),
('13', '109.429.091-27'),
('15', '685.071.842-86'),
('16', '166.629.260-51'),
('18', '314.417.646-07'),
('3', '075.157.606-99'),
('5', '723.658.523-86'),
('14', '145.297.741-04'),
('20', '737.537.672-71'),
('11', '139.161.277-99'),
('7', '177.407.110-04'),
('6', '689.439.265-02'),
('8', '411.812.560-97'),
('12', '975.641.391-37'),
('10', '462.577.125-05'),
('4', '394.393.420-99');


INSERT INTO voaNo(vooId, cpf)
VALUES ('15', '247.224.686-21'),
('9', '664.641.035-63'),
('18', '221.431.243-92'),
('7', '134.766.096-85'),
('10', '310.702.571-25'),
('10', '848.370.637-72'),
('13', '280.834.554-23'),
('18', '902.631.266-09'),
('13', '124.772.605-37'),
('13', '524.766.391-84'),
('18', '348.919.516-72'),
('15', '072.165.242-50'),
('8', '328.748.059-63'),
('17', '373.908.366-28'),
('7', '465.504.176-51'),
('13', '333.751.447-25'),
('10', '480.799.535-97'),
('12', '343.310.615-07'),
('13', '759.142.271-51'),
('17', '214.808.238-80'),
('8', '616.359.585-80'),
('9', '788.524.968-90'),
('10', '363.598.310-15'),
('10', '477.275.319-28'),
('15', '545.824.866-06'),
('10', '388.409.023-25'),
('20', '445.757.404-03'),
('10', '891.251.314-19'),
('20', '396.152.546-30'),
('7', '381.249.381-05'),
('13', '630.995.834-80'),
('8', '819.733.683-07'),
('18', '239.585.002-00'),
('11', '312.847.627-69'),
('18', '456.707.475-00'),
('13', '725.778.298-92'),
('13', '275.129.288-74'),
('19', '834.610.977-64'),
('13', '554.242.636-07'),
('19', '803.480.298-02'),
('6', '642.224.710-97'),
('20', '265.625.736-02'),
('19', '989.123.880-61'),
('10', '590.936.318-29'),
('20', '224.229.322-23'),
('7', '247.375.931-68'),
('10', '254.147.956-57'),
('16', '621.578.587-33'),
('7', '572.914.810-07'),
('20', '638.757.248-79'),
('8', '833.878.901-17'),
('11', '572.077.074-79'),
('18', '095.718.862-54'),
('20', '284.454.131-39'),
('14', '311.642.704-60'),
('1', '716.913.480-23'),
('5', '480.297.077-38'),
('4', '584.936.856-66'),
('3', '382.026.824-36'),
('2', '146.196.048-79');